"InChIKey","ClassyFy Status","Kingdom","Superclass","Class","Subclass","Parent Level 1","Parent Level 2","Parent Level 3","Parent Level 4"
"HMMGMWAXVFQUOA-UHFFFAOYSA-N","Completed","Organic compounds","Organometallic compounds","Organometalloid compounds","Organosilicon compounds","Organoheterosilanes"
"XMSXQFUHVRWGNA-UHFFFAOYSA-N","Completed","Organic compounds","Organometallic compounds","Organometalloid compounds","Organosilicon compounds","Organoheterosilanes"
"BJQHLKABXJIVAM-UHFFFAOYSA-N","Completed","Organic compounds","Benzenoids","Benzene and substituted derivatives","Benzoic acids and derivatives","Benzoic acid esters"
"JHIVVAPYMSGYDF-UHFFFAOYSA-N","Completed","Organic compounds","Organic oxygen compounds","Organooxygen compounds","Carbonyl compounds","Ketones","Cyclic ketones"
"PAYRUJLWNCNPSJ-UHFFFAOYSA-N","Completed","Organic compounds","Benzenoids","Benzene and substituted derivatives","Aniline and substituted anilines","Aniline and substituted anilines"
"JQVDAXLFBXTEQA-UHFFFAOYSA-N","Completed","Organic compounds","Organic nitrogen compounds","Organonitrogen compounds","Amines","Secondary amines","Dialkylamines"
"KWOLFJPFCHCOCG-UHFFFAOYSA-N","Completed","Organic compounds","Organic oxygen compounds","Organooxygen compounds","Carbonyl compounds","Ketones","Aryl ketones","Phenylketones","Alkyl-phenylketones"
"IOJUPLGTWVMSFF-UHFFFAOYSA-N","Completed","Organic compounds","Organoheterocyclic compounds","Benzothiazoles","","Benzothiazoles"
"SNRUBQQJIBEYMU-UHFFFAOYSA-N","Completed","Organic compounds","Hydrocarbons","Saturated hydrocarbons","Alkanes","Alkanes"
"IIYFAKIEWZDVMP-UHFFFAOYSA-N","Completed","Organic compounds","Hydrocarbons","Saturated hydrocarbons","Alkanes","Alkanes"
"MDKCFLQDBWCQCV-UHFFFAOYSA-N","Completed","Organic compounds","Benzenoids","Benzene and substituted derivatives","","Benzene and substituted derivatives"
"ZUOUZKKEUPVFJK-UHFFFAOYSA-N","Completed","Organic compounds","Benzenoids","Benzene and substituted derivatives","Biphenyls and derivatives","Biphenyls and derivatives"
"BGHCVCJVXZWKCC-UHFFFAOYSA-N","Completed","Organic compounds","Hydrocarbons","Saturated hydrocarbons","Alkanes","Alkanes"
"COBPKKZHLDDMTB-UHFFFAOYSA-N","Completed","Organic compounds","Organic oxygen compounds","Organooxygen compounds","Ethers","Dialkyl ethers","Polyethylene glycols"
"LQZZUXJYWNFBMV-UHFFFAOYSA-N","Completed","Organic compounds","Lipids and lipid-like molecules","Fatty Acyls","Fatty alcohols","Fatty alcohols"
"LLEMOWNGBBNAJR-UHFFFAOYSA-N","Completed","Organic compounds","Benzenoids","Benzene and substituted derivatives","Biphenyls and derivatives","Biphenyls and derivatives"
"NLZUEZXRPGMBCV-UHFFFAOYSA-N","Completed","Organic compounds","Benzenoids","Benzene and substituted derivatives","Phenylpropanes","Phenylpropanes"
"QWUWMCYKGHVNAV-UHFFFAOYSA-N","Completed","Organic compounds","Phenylpropanoids and polyketides","Stilbenes","","Stilbenes"
"ATDIROHVRVQMRO-UHFFFAOYSA-N","Completed","Organic compounds","Benzenoids","Benzene and substituted derivatives","Toluenes","Aminotoluenes"
"YCOZIPAWZNQLMR-UHFFFAOYSA-N","Completed","Organic compounds","Hydrocarbons","Saturated hydrocarbons","Alkanes","Alkanes"
"GPYLCFQEKPUWLD-UHFFFAOYSA-N","Completed","Organic compounds","Organoheterocyclic compounds","Isoindoles and derivatives","Isoindolines","Isoindolones"
"POULHZVOKOAJMA-UHFFFAOYSA-N","Completed","Organic compounds","Lipids and lipid-like molecules","Fatty Acyls","Fatty acids and conjugates","Medium-chain fatty acids"
"FLKPEMZONWLCSK-UHFFFAOYSA-N","Completed","Organic compounds","Benzenoids","Benzene and substituted derivatives","Benzoic acids and derivatives","Benzoic acid esters"
"UTBVIMLZIRIFFR-UHFFFAOYSA-N","Completed","Organic compounds","Organoheterocyclic compounds","Benzothiazoles","","Benzothiazoles"
"OMVSWZDEEGIJJI-UHFFFAOYSA-N","Completed","Organic compounds","Organic acids and derivatives","Carboxylic acids and derivatives","Dicarboxylic acids and derivatives","Dicarboxylic acids and derivatives"
"RWCCWEUUXYIKHB-UHFFFAOYSA-N","Completed","Organic compounds","Benzenoids","Benzene and substituted derivatives","Benzophenones","Benzophenones"
"YEDUAINPPJYDJZ-UHFFFAOYSA-N","Completed","Organic compounds","Organoheterocyclic compounds","Benzothiazoles","","Benzothiazoles"
"SESFRYSPDFLNCH-UHFFFAOYSA-N","Completed","Organic compounds","Benzenoids","Benzene and substituted derivatives","Benzoic acids and derivatives","Benzoic acid esters"
"YXIWHUQXZSMYRE-UHFFFAOYSA-N","Completed","Organic compounds","Organoheterocyclic compounds","Benzothiazoles","","Benzothiazoles"
"DOIRQSBPFJWKBE-UHFFFAOYSA-N","Completed","Organic compounds","Benzenoids","Benzene and substituted derivatives","Benzoic acids and derivatives","Benzoic acid esters"
"QPKOBORKPHRBPS-UHFFFAOYSA-N","Completed","Organic compounds","Benzenoids","Benzene and substituted derivatives","Benzoic acids and derivatives","Phthalic acid and derivatives","Phthalate esters","p-Phthalate esters"
"QZCLKYGREBVARF-UHFFFAOYSA-N","Completed","Organic compounds","Organic acids and derivatives","Carboxylic acids and derivatives","Tetracarboxylic acids and derivatives","Tetracarboxylic acids and derivatives"
"IRIAEXORFWYRCZ-UHFFFAOYSA-N","Completed","Organic compounds","Benzenoids","Benzene and substituted derivatives","Benzoic acids and derivatives","Benzoic acid esters"
"XZZNDPSIHUTMOC-UHFFFAOYSA-N","Completed","Organic compounds","Organic acids and derivatives","Organic phosphoric acids and derivatives","Phosphate esters","Aryl phosphates","Aryl phosphotriesters"
"KGRVJHAUYBGFFP-UHFFFAOYSA-N","Completed","Organic compounds","Benzenoids","Benzene and substituted derivatives","Diphenylmethanes","Diphenylmethanes"
"LFMQNMXVVXHZCC-UHFFFAOYSA-N","Completed","Organic compounds","Organoheterocyclic compounds","Benzothiazoles","","Benzothiazoles"
"YJVXQQKAUCYQIP-UHFFFAOYSA-N","Completed","Organic compounds","Organoheterocyclic compounds","Benzothiazoles","","Benzothiazoles"
"OTXNTMVVOOBZCV-WAZJVIJMSA-N","Completed","Organic compounds","Lipids and lipid-like molecules","Prenol lipids","Quinone and hydroquinone lipids","Vitamin E compounds","Tocotrienols"
"RZFHLOLGZPDCHJ-UHFFFAOYSA-N","Completed","Organic compounds","Lipids and lipid-like molecules","Prenol lipids","Quinone and hydroquinone lipids","Vitamin E compounds","Tocotrienols"
"PXEZIKSRSYGOED-UHFFFAOYSA-N","Completed","Organic compounds","Hydrocarbons","Saturated hydrocarbons","Alkanes","Alkanes"
"NZMAJUHVSZBJHL-UHFFFAOYSA-N","Completed","Organic compounds","Organic acids and derivatives","Carboxylic acids and derivatives","Carboxylic acid derivatives","Carboxylic acid amides","Tertiary carboxylic acid amides"
"IRNRNPNZAKHEAW-UHFFFAOYSA-N","Completed","Organic compounds","Organoheterocyclic compounds","Benzothiazoles","","Benzothiazoles"
"ZMWRRFHBXARRRT-UHFFFAOYSA-N","Completed","Organic compounds","Organoheterocyclic compounds","Azoles","Triazoles","Phenyltriazoles","Phenyl-1,2,3-triazoles"
"RIUSNQJIDQVTEH-UHFFFAOYSA-N","Completed","Organic compounds","Benzenoids","Naphthalenes","","Naphthalenes"
"HVYWMOMLDIMFJA-DPAQBDIFSA-N","Completed","Organic compounds","Lipids and lipid-like molecules","Steroids and steroid derivatives","Cholestane steroids","Cholesterols and derivatives"
"CVNOWLNNPYYEOH-UHFFFAOYSA-N","Completed","Organic compounds","Benzenoids","Benzene and substituted derivatives","Benzonitriles","Benzonitriles"
"ISWSIDIOOBJBQZ-UHFFFAOYSA-N","Completed","Organic compounds","Benzenoids","Phenols","1-hydroxy-4-unsubstituted benzenoids","1-hydroxy-4-unsubstituted benzenoids"
"DIOQZVSQGTUSAI-UHFFFAOYSA-N","Completed","Organic compounds","Hydrocarbons","Saturated hydrocarbons","Alkanes","Alkanes"
"RSJKGSCJYJTIGS-UHFFFAOYSA-N","Completed","Organic compounds","Hydrocarbons","Saturated hydrocarbons","Alkanes","Alkanes"
"UFWIBTONFRDIAS-UHFFFAOYSA-N","Completed","Organic compounds","Benzenoids","Naphthalenes","","Naphthalenes"
"JBKVHLHDHHXQEQ-UHFFFAOYSA-N","Completed","Organic compounds","Organoheterocyclic compounds","Lactams","Caprolactams","Caprolactams"
"SMWDFEZZVXVKRB-UHFFFAOYSA-N","Completed","Organic compounds","Organoheterocyclic compounds","Quinolines and derivatives","","Quinolines and derivatives"
"AWJUIBRHMBBTKR-UHFFFAOYSA-N","Completed","Organic compounds","Organoheterocyclic compounds","Isoquinolines and derivatives","","Isoquinolines and derivatives"
"DXYYSGDWQCSKKO-UHFFFAOYSA-N","Completed","Organic compounds","Organoheterocyclic compounds","Benzothiazoles","","Benzothiazoles"
"RRAMGCGOFNQTLD-UHFFFAOYSA-N","Completed","Organic compounds","Organic nitrogen compounds","Organonitrogen compounds","Isocyanates","Isocyanates"
"USIUVYZYUHIAEV-UHFFFAOYSA-N","Completed","Organic compounds","Benzenoids","Benzene and substituted derivatives","Diphenylethers","Diphenylethers"
"ZYGHJZDHTFUPRJ-UHFFFAOYSA-N","Completed","Organic compounds","Phenylpropanoids and polyketides","Coumarins and derivatives","","Coumarins and derivatives"
"LXOFYPKXCSULTL-UHFFFAOYSA-N","Completed","Organic compounds","Organic oxygen compounds","Organooxygen compounds","Carbonyl compounds","Alpha,beta-unsaturated carbonyl compounds","Alpha,beta-unsaturated ketones","Ynones"
"TXCDCPKCNAJMEE-UHFFFAOYSA-N","Completed","Organic compounds","Organoheterocyclic compounds","Benzofurans","Dibenzofurans","Dibenzofurans"
"TYMLOMAKGOJONV-UHFFFAOYSA-N","Completed","Organic compounds","Benzenoids","Benzene and substituted derivatives","Nitrobenzenes","Nitrobenzenes"
"BWLUMTFWVZZZND-UHFFFAOYSA-N","Completed","Organic compounds","Benzenoids","Benzene and substituted derivatives","Phenylmethylamines","Phenylmethylamines"
"MIYKHJXFICMPOJ-UHFFFAOYSA-N","Completed","Organic compounds","Benzenoids","Benzene and substituted derivatives","","Benzene and substituted derivatives"
"YKOPAUBBWPNUKT-UHFFFAOYSA-N","Completed","Organic compounds","Organoheterocyclic compounds","Benzothiazoles","","Benzothiazoles"
"KZQFPRKQBWRRHQ-UHFFFAOYSA-N","Completed","Organic compounds","Benzenoids","Benzene and substituted derivatives","Benzenesulfonic acids and derivatives","Benzenesulfonate esters"
"GHKHTBMTSUEBJD-UHFFFAOYSA-N","Completed","Organic compounds","Organoheterocyclic compounds","Benzothiazoles","","Benzothiazoles"
"PXKLMJQFEQBVLD-UHFFFAOYSA-N","Completed","Organic compounds","Benzenoids","Benzene and substituted derivatives","Diphenylmethanes","Diphenylmethanes"
"SAOKZLXYCUGLFA-UHFFFAOYSA-N","Completed","Organic compounds","Lipids and lipid-like molecules","Fatty Acyls","Fatty acid esters","Fatty acid esters"
"CGSLYBDCEGBZCG-UHFFFAOYSA-N","Completed","Organic compounds","Organic acids and derivatives","Organic phosphoric acids and derivatives","Phosphate esters","Aryl phosphates","Aryl phosphotriesters"
"NFWKVWVWBFBAOV-MISYRCLQSA-N","Completed","Organic compounds","Lipids and lipid-like molecules","Prenol lipids","Diterpenoids","Diterpenoids"
"MVULGCSHGFLUBH-UHFFFAOYSA-N","Completed","Organic compounds","Phenylpropanoids and polyketides","Stilbenes","","Stilbenes"
"WHCIAGVVOCLXFV-UHFFFAOYSA-N","Failed","","","","",""
"DGTNSSLYPYDJGL-UHFFFAOYSA-N","Completed","Organic compounds","Benzenoids","Benzene and substituted derivatives","","Benzene and substituted derivatives"
"BCPVKLRBQLRWDQ-UHFFFAOYSA-N","Completed","Organic compounds","Organoheterocyclic compounds","Benzothiazoles","","Benzothiazoles"
"GNQWHYWLSGTMSL-UHFFFAOYSA-N","Completed","Organic compounds","Phenylpropanoids and polyketides","Linear 1,3-diarylpropanoids","","Linear 1,3-diarylpropanoids"
"WXCMHFPAUCOJIG-UHFFFAOYSA-N","Completed","Organic compounds","Organic oxygen compounds","Organooxygen compounds","Carbonyl compounds","Ketones","Aryl ketones","Phenylketones","Alkyl-phenylketones"
"ODADKLYLWWCHNB-LDYBVBFYSA-N","Completed","Organic compounds","Lipids and lipid-like molecules","Prenol lipids","Quinone and hydroquinone lipids","Vitamin E compounds","Tocotrienols"
"XTDYIOOONNVFMA-UHFFFAOYSA-N","Completed","Organic compounds","Lipids and lipid-like molecules","Fatty Acyls","Fatty acid esters","Fatty acid methyl esters"
"BXWNKGSJHAJOGX-UHFFFAOYSA-N","Completed","Organic compounds","Lipids and lipid-like molecules","Fatty Acyls","Fatty alcohols","Long-chain fatty alcohols"
"IPCSVZSSVZVIGE-UHFFFAOYSA-N","Completed","Organic compounds","Lipids and lipid-like molecules","Fatty Acyls","Fatty acids and conjugates","Long-chain fatty acids"
"ZQPPMHVWECSIRJ-KTKRTIGZSA-N","Completed","Organic compounds","Lipids and lipid-like molecules","Fatty Acyls","Fatty acids and conjugates","Long-chain fatty acids"
"IISBACLAFKSPIT-UHFFFAOYSA-N","Completed","Organic compounds","Benzenoids","Benzene and substituted derivatives","Diphenylmethanes","Bisphenols"
"QIQXTHQIDYTFRH-UHFFFAOYSA-N","Completed","Organic compounds","Lipids and lipid-like molecules","Fatty Acyls","Fatty acids and conjugates","Long-chain fatty acids"
"BVKCQBBZBGYNOP-UHFFFAOYSA-N","Completed","Organic compounds","Hydrocarbons","Saturated hydrocarbons","Alkanes","Alkanes"
"OSWPMRLSEDHDFF-UHFFFAOYSA-N","Completed","Organic compounds","Benzenoids","Benzene and substituted derivatives","Benzoic acids and derivatives","Benzoic acid esters","o-Hydroxybenzoic acid esters"
"JWSWULLEVAMIJK-UHFFFAOYSA-N","Completed","Organic compounds","Benzenoids","Naphthalenes","","Naphthalenes"
"XBDQKXXYIPTUBI-UHFFFAOYSA-N","Completed","Organic compounds","Organic acids and derivatives","Carboxylic acids and derivatives","Carboxylic acids","Carboxylic acids"
"DCAYPVUWAIABOU-UHFFFAOYSA-N","Completed","Organic compounds","Hydrocarbons","Saturated hydrocarbons","Alkanes","Alkanes"
"NDJKXXJCMXVBJW-UHFFFAOYSA-N","Completed","Organic compounds","Hydrocarbons","Saturated hydrocarbons","Alkanes","Alkanes"
"RZJRJXONCZWCBN-UHFFFAOYSA-N","Completed","Organic compounds","Hydrocarbons","Saturated hydrocarbons","Alkanes","Alkanes"
"LQERIDTXQFOHKA-UHFFFAOYSA-N","Completed","Organic compounds","Hydrocarbons","Saturated hydrocarbons","Alkanes","Alkanes"
"CBFCDTFDPHXCNY-UHFFFAOYSA-N","Completed","Organic compounds","Hydrocarbons","Saturated hydrocarbons","Alkanes","Alkanes"
"FNAZRRHPUDJQCJ-UHFFFAOYSA-N","Completed","Organic compounds","Hydrocarbons","Saturated hydrocarbons","Alkanes","Alkanes"
"HOWGUJZVBDQJKV-UHFFFAOYSA-N","Completed","Organic compounds","Hydrocarbons","Saturated hydrocarbons","Alkanes","Alkanes"
"FIGVVZUWCLSUEI-UHFFFAOYSA-N","Completed","Organic compounds","Hydrocarbons","Saturated hydrocarbons","Alkanes","Alkanes"
"POOSGDOYLQNASK-UHFFFAOYSA-N","Completed","Organic compounds","Hydrocarbons","Saturated hydrocarbons","Alkanes","Alkanes"
"NXQMCAOPTPLPRL-UHFFFAOYSA-N","Completed","Organic compounds","Benzenoids","Benzene and substituted derivatives","Benzoic acids and derivatives","Benzoic acid esters"
"YKNWIILGEFFOPE-UHFFFAOYSA-N","Completed","Organic compounds","Hydrocarbons","Saturated hydrocarbons","Alkanes","Alkanes"
"HMSWAIKSFDFLKN-UHFFFAOYSA-N","Completed","Organic compounds","Hydrocarbons","Saturated hydrocarbons","Alkanes","Alkanes"
"BJQWYEJQWHSSCJ-UHFFFAOYSA-N","Completed","Organic compounds","Hydrocarbons","Saturated hydrocarbons","Alkanes","Alkanes"
"ZYURHZPYMFLWSH-UHFFFAOYSA-N","Completed","Organic compounds","Hydrocarbons","Saturated hydrocarbons","Alkanes","Alkanes"
"IGGUPRCHHJZPBS-UHFFFAOYSA-N","Completed","Organic compounds","Hydrocarbons","Saturated hydrocarbons","Alkanes","Alkanes"
"JXTPJDDICSTXJX-UHFFFAOYSA-N","Completed","Organic compounds","Hydrocarbons","Saturated hydrocarbons","Alkanes","Alkanes"
"IUJAMGNYPWYUPM-UHFFFAOYSA-N","Completed","Organic compounds","Hydrocarbons","Saturated hydrocarbons","Alkanes","Alkanes"
"QHMGJGNTMQDRQA-UHFFFAOYSA-N","Completed","Organic compounds","Hydrocarbons","Saturated hydrocarbons","Alkanes","Alkanes"
"SUJUOAZFECLBOA-UHFFFAOYSA-N","Completed","Organic compounds","Hydrocarbons","Saturated hydrocarbons","Alkanes","Alkanes"
"GWVDBZWVFGFBCN-UHFFFAOYSA-N","Completed","Organic compounds","Hydrocarbons","Saturated hydrocarbons","Alkanes","Alkanes"
"VHQQPFLOGSTQPC-UHFFFAOYSA-N","Completed","Organic compounds","Hydrocarbons","Saturated hydrocarbons","Alkanes","Alkanes"
"YDLYQMBWCWFRAI-UHFFFAOYSA-N","Completed","Organic compounds","Hydrocarbons","Saturated hydrocarbons","Alkanes","Alkanes"
"MHDVGSVTJDSBDK-UHFFFAOYSA-N","Completed","Organic compounds","Benzenoids","Benzene and substituted derivatives","Benzylethers","Benzylethers"
"RYHBNJHYFVUHQT-UHFFFAOYSA-N","Completed","Organic compounds","Organoheterocyclic compounds","Dioxanes","1,4-dioxanes","1,4-dioxanes"
"TVMXDCGIABBOFY-UHFFFAOYSA-N","Completed","Organic compounds","Hydrocarbons","Saturated hydrocarbons","Alkanes","Alkanes"
"WVDDGKGOMKODPV-UHFFFAOYSA-N","Completed","Organic compounds","Benzenoids","Benzene and substituted derivatives","Benzyl alcohols","Benzyl alcohols"
"MGJKQDOBUOMPEZ-UHFFFAOYSA-N","Completed","Organic compounds","Organic acids and derivatives","Organic carbonic acids and derivatives","Ureas","Ureas"
"QCDWFXQBSFUVSP-UHFFFAOYSA-N","Completed","Organic compounds","Benzenoids","Phenol ethers","","Phenol ethers"
"AWVDYRFLCAZENH-UHFFFAOYSA-N","Completed","Organic compounds","Benzenoids","Phenol ethers","","Phenol ethers"
"AHWDQDMGFXRVFB-UHFFFAOYSA-N","Completed","Organic compounds","Organoheterocyclic compounds","Triazines","Triazinones","Triazinones"
"VUQUOGPMUUJORT-UHFFFAOYSA-N","Completed","Organic compounds","Benzenoids","Benzene and substituted derivatives","Benzenesulfonic acids and derivatives","Benzenesulfonate esters"
"PGZCJOPTDHWYES-UHFFFAOYSA-N","Completed","Organic compounds","Lipids and lipid-like molecules","Prenol lipids","Diterpenoids","Diterpenoids"
"AZSKHRTUXHLAHS-UHFFFAOYSA-N","Completed","Organic compounds","Organic acids and derivatives","Organic phosphoric acids and derivatives","Phosphate esters","Aryl phosphates","Aryl phosphotriesters"
"KWMDHCLJYMVBNS-UHFFFAOYSA-N","Completed","Organic compounds","Benzenoids","Benzene and substituted derivatives","Aniline and substituted anilines","Dinitroanilines"
"MWKFXSUHUHTGQN-UHFFFAOYSA-N","Completed","Organic compounds","Lipids and lipid-like molecules","Fatty Acyls","Fatty alcohols","Fatty alcohols"
"YWFWDNVOPHGWMX-UHFFFAOYSA-N","Completed","Organic compounds","Organic nitrogen compounds","Organonitrogen compounds","Amines","Tertiary amines","Trialkylamines"
"YBRVSVVVWCFQMG-UHFFFAOYSA-N","Completed","Organic compounds","Benzenoids","Benzene and substituted derivatives","Diphenylmethanes","Diphenylmethanes"
"SNXOSZZZNFRFNZ-UHFFFAOYSA-N","Completed","Organic compounds","Hydrocarbons","Saturated hydrocarbons","Alkanes","Alkanes"
"BLFLLBZGZJTVJG-UHFFFAOYSA-N","Completed","Organic compounds","Benzenoids","Benzene and substituted derivatives","Benzoic acids and derivatives","Benzoic acid esters"
"SSDSCDGVMJFTEQ-UHFFFAOYSA-N","Completed","Organic compounds","Lipids and lipid-like molecules","Fatty Acyls","Fatty alcohol esters","Fatty alcohol esters"
"AFBPFSWMIHJQDM-UHFFFAOYSA-N","Completed","Organic compounds","Organic nitrogen compounds","Organonitrogen compounds","Amines","Aralkylamines","Phenylalkylamines"
"ZTMZUYHXZPUDRF-UHFFFAOYSA-N","Completed","Organic compounds","Organoheterocyclic compounds","Lactones","Gamma butyrolactones","Gamma butyrolactones"
"IYAZLDLPUNDVAG-UHFFFAOYSA-N","Completed","Organic compounds","Organoheterocyclic compounds","Azoles","Triazoles","Phenyltriazoles","Phenyl-1,2,3-triazoles"
"OAYXUHPQHDHDDZ-UHFFFAOYSA-N","Completed","Organic compounds","Organic oxygen compounds","Organooxygen compounds","Ethers","Dialkyl ethers"
"WPYMKLBDIGXBTP-UHFFFAOYSA-N","Completed","Organic compounds","Benzenoids","Benzene and substituted derivatives","Benzoic acids and derivatives","Benzoic acids"
"WWZKQHOCKIZLMA-UHFFFAOYSA-N","Completed","Organic compounds","Lipids and lipid-like molecules","Fatty Acyls","Fatty acids and conjugates","Medium-chain fatty acids"
"DOOTYTYQINUNNV-UHFFFAOYSA-N","Completed","Organic compounds","Organic acids and derivatives","Carboxylic acids and derivatives","Tricarboxylic acids and derivatives","Tricarboxylic acids and derivatives"
"OCWYEMOEOGEQAN-UHFFFAOYSA-N","Completed","Organic compounds","Organoheterocyclic compounds","Azoles","Triazoles","Phenyltriazoles","Phenyl-1,2,3-triazoles"
"QPJVMBTYPHYUOC-UHFFFAOYSA-N","Completed","Organic compounds","Benzenoids","Benzene and substituted derivatives","Benzoic acids and derivatives","Benzoic acid esters"
"GZVHEAJQGPRDLQ-UHFFFAOYSA-N","Completed","Organic compounds","Organoheterocyclic compounds","Triazines","Aminotriazines","1,3,5-triazine-2,4-diamines"
"WEEGYLXZBRQIMU-UHFFFAOYSA-N","Completed","Organic compounds","Organoheterocyclic compounds","Oxanes","","Oxanes"
"CDOSHBSSFJOMGT-UHFFFAOYSA-N","Completed","Organic compounds","Lipids and lipid-like molecules","Prenol lipids","Monoterpenoids","Acyclic monoterpenoids"
"WRMNZCZEMHIOCP-UHFFFAOYSA-N","Completed","Organic compounds","Benzenoids","Benzene and substituted derivatives","","Benzene and substituted derivatives"
"QUKGYYKBILRGFE-UHFFFAOYSA-N","Completed","Organic compounds","Benzenoids","Benzene and substituted derivatives","Benzyloxycarbonyls","Benzyloxycarbonyls"
"PEDCQBHIVMGVHV-UHFFFAOYSA-N","Completed","Organic compounds","Organic oxygen compounds","Organooxygen compounds","Carbohydrates and carbohydrate conjugates","Sugar alcohols"
"UWKAYLJWKGQEPM-UHFFFAOYSA-N","Completed","Organic compounds","Lipids and lipid-like molecules","Prenol lipids","Monoterpenoids","Acyclic monoterpenoids"
"SATCULPHIDQDRE-UHFFFAOYSA-N","Completed","Organic compounds","Organoheterocyclic compounds","Benzodioxoles","","Benzodioxoles"
"HIGQPQRQIQDZMP-DHZHZOJOSA-N","Completed","Organic compounds","Lipids and lipid-like molecules","Fatty Acyls","Fatty alcohol esters","Fatty alcohol esters"
"GUUHFMWKWLOQMM-UHFFFAOYSA-N","Completed","Organic compounds","Phenylpropanoids and polyketides","Cinnamaldehydes","","Cinnamaldehydes"
"AXISYYRBXTVTFY-UHFFFAOYSA-N","Completed","Organic compounds","Lipids and lipid-like molecules","Fatty Acyls","Fatty acid esters","Fatty acid esters"
"XMGQYMWWDOXHJM-JTQLQIEISA-N","Completed","Organic compounds","Lipids and lipid-like molecules","Prenol lipids","Monoterpenoids","Menthane monoterpenoids"
"ZRSNZINYAWTAHE-UHFFFAOYSA-N","Completed","Organic compounds","Benzenoids","Benzene and substituted derivatives","Benzoyl derivatives","Benzoyl derivatives"
"RBKRCARRXLFUGJ-UHFFFAOYSA-N","Completed","Organic compounds","Organic acids and derivatives","Carboxylic acids and derivatives","Carboxylic acid derivatives","Carboxylic acid esters"
"CBOQJANXLMLOSS-UHFFFAOYSA-N","Completed","Organic compounds","Organic oxygen compounds","Organooxygen compounds","Carbonyl compounds","Aldehydes","Aryl-aldehydes","Benzaldehydes","Hydroxybenzaldehydes"
"PHXATPHONSXBIL-UHFFFAOYSA-N","Completed","Organic compounds","Organoheterocyclic compounds","Lactones","Gamma butyrolactones","Gamma butyrolactones"
"YBUIAJZFOGJGLJ-UHFFFAOYSA-N","Completed","Organic compounds","Lipids and lipid-like molecules","Prenol lipids","Sesquiterpenoids","Cedrane and isocedrane sesquiterpenoids"
"XRHCAGNSDHCHFJ-UHFFFAOYSA-N","Completed","Organic compounds","Phenylpropanoids and polyketides","Macrolides and analogues","","Macrolides and analogues"
"AOGQPLXWSUTHQB-UHFFFAOYSA-N","Completed","Organic compounds","Organic acids and derivatives","Carboxylic acids and derivatives","Carboxylic acid derivatives","Carboxylic acid esters"
"KHQDWCKZXLWDNM-UHFFFAOYSA-N","Completed","Organic compounds","Lipids and lipid-like molecules","Prenol lipids","Monoterpenoids","Monocyclic monoterpenoids"
"UUQHKWMIDYRWHH-UHFFFAOYSA-N","Completed","Organic compounds","Benzenoids","Benzene and substituted derivatives","Benzoic acids and derivatives","Benzoic acid esters","p-Hydroxybenzoic acid esters","p-Hydroxybenzoic acid alkyl esters"
"RJASFPFZACBKBE-UHFFFAOYSA-N","Completed","Organic compounds","Benzenoids","Benzene and substituted derivatives","","Benzene and substituted derivatives"
"BJIOGJUNALELMI-UHFFFAOYSA-N","Completed","Organic compounds","Benzenoids","Phenols","Methoxyphenols","Methoxyphenols"
"SIXFIJSVWPHSPL-UHFFFAOYSA-N","Completed","Organic compounds","Benzenoids","Benzene and substituted derivatives","","Benzene and substituted derivatives"
"RQXTZKGDMNIWJF-UHFFFAOYSA-N","Completed","Organic compounds","Organic oxygen compounds","Organooxygen compounds","Carbonyl compounds","Ketones","Cyclic ketones"
"QHPQWRBYOIRBIT-UHFFFAOYSA-N","Completed","Organic compounds","Benzenoids","Benzene and substituted derivatives","Phenylpropanes","Phenylpropanes"
"XULHFMYCBKQGEE-UHFFFAOYSA-N","Completed","Organic compounds","Lipids and lipid-like molecules","Fatty Acyls","Fatty alcohols","Fatty alcohols"
"VHOMAPWVLKRQAZ-UHFFFAOYSA-N","Completed","Organic compounds","Benzenoids","Benzene and substituted derivatives","Benzyloxycarbonyls","Benzyloxycarbonyls"
"PJXIBUIXCXSNCM-UHFFFAOYSA-N","Completed","Organic compounds","Organic oxygen compounds","Organooxygen compounds","Carbonyl compounds","Ketones","Cyclic ketones"
"HUMNYLRZRPPJDN-UHFFFAOYSA-N","Completed","Organic compounds","Benzenoids","Benzene and substituted derivatives","Benzoyl derivatives","Benzoyl derivatives"
"POIARNZEYGURDG-UHFFFAOYSA-N","Completed","Organic compounds","Organic oxygen compounds","Organooxygen compounds","Carbonyl compounds","Alpha,beta-unsaturated carbonyl compounds","Alpha,beta-unsaturated ketones","Enones"
"FZJUFJKVIYFBSY-UHFFFAOYSA-N","Completed","Organic compounds","Benzenoids","Benzene and substituted derivatives","Phenylpropanes","Phenylpropanes"
"GUMOJENFFHZAFP-UHFFFAOYSA-N","Completed","Organic compounds","Benzenoids","Naphthalenes","","Naphthalenes"
"DLHQZZUEERVIGQ-UHFFFAOYSA-N","Completed","Organic compounds","Organic oxygen compounds","Organooxygen compounds","Alcohols and polyols","Tertiary alcohols"
"SWKXHWCUDGJLNA-UHFFFAOYSA-N","Completed","Organic compounds","Organoheterocyclic compounds","Benzodioxoles","","Benzodioxoles"
"LRZFEBJUJIQVDQ-UHFFFAOYSA-N","Completed","Organic compounds","Organic acids and derivatives","Carboxylic acids and derivatives","Amino acids, peptides, and analogues","Amino acids and derivatives","Alpha amino acids and derivatives","Alpha amino acid esters"
"MDHYEMXUFSJLGV-UHFFFAOYSA-N","Completed","Organic compounds","Benzenoids","Benzene and substituted derivatives","","Benzene and substituted derivatives"
"VAMXMNNIEUEQDV-UHFFFAOYSA-N","Completed","Organic compounds","Benzenoids","Benzene and substituted derivatives","Benzoic acids and derivatives","Benzoic acid esters"
"XUGNVMKQXJXZCD-UHFFFAOYSA-N","Completed","Organic compounds","Lipids and lipid-like molecules","Fatty Acyls","Fatty acid esters","Fatty acid esters"
"YPFDHNVEDLHUCE-UHFFFAOYSA-N","Completed","Organic compounds","Organic oxygen compounds","Organooxygen compounds","Alcohols and polyols","Primary alcohols"
"HYBBIBNJHNGZAN-UHFFFAOYSA-N","Completed","Organic compounds","Organic oxygen compounds","Organooxygen compounds","Carbonyl compounds","Aldehydes","Aryl-aldehydes"
"SLKPBCXNFNIJSV-HNNXBMFYSA-N","Completed","Organic compounds","Lipids and lipid-like molecules","Prenol lipids","Sesquiterpenoids","Sesquiterpenoids"
"YNBADRVTZLEFNH-UHFFFAOYSA-N","Completed","Organic compounds","Organoheterocyclic compounds","Pyridines and derivatives","Pyridinecarboxylic acids and derivatives","Pyridinecarboxylic acids"
"STCOOQWBFONSKY-UHFFFAOYSA-N","Completed","Organic compounds","Organic acids and derivatives","Organic phosphoric acids and derivatives","Phosphate esters","Alkyl phosphates","Trialkyl phosphates"
"JKIJEFPNVSHHEI-UHFFFAOYSA-N","Completed","Organic compounds","Benzenoids","Benzene and substituted derivatives","Phenylpropanes","Phenylpropanes"
"DNIAPMSPPWPWGF-UHFFFAOYSA-N","Completed","Organic compounds","Organic oxygen compounds","Organooxygen compounds","Alcohols and polyols","Polyols","1,2-diols"
"WNJSKZBEWNVKGU-UHFFFAOYSA-N","Completed","Organic compounds","Benzenoids","Benzene and substituted derivatives","","Benzene and substituted derivatives"
"MSHFRERJPWKJFX-UHFFFAOYSA-N","Completed","Organic compounds","Benzenoids","Benzene and substituted derivatives","Benzyl alcohols","Benzyl alcohols"
"HFNGYHHRRMSKEU-UHFFFAOYSA-N","Completed","Organic compounds","Benzenoids","Benzene and substituted derivatives","Benzyloxycarbonyls","Benzyloxycarbonyls"
"WJUFSDZVCOTFON-UHFFFAOYSA-N","Completed","Organic compounds","Benzenoids","Benzene and substituted derivatives","Methoxybenzenes","Dimethoxybenzenes"
"ZUAURMBNZUCEAF-UHFFFAOYSA-N","Completed","Organic compounds","Benzenoids","Phenol ethers","","Phenol ethers"
"MLRVZFYXUZQSRU-UHFFFAOYSA-N","Completed","Organic compounds","Organohalogen compounds","Organochlorides","","Organochlorides"
"RUVINXPYWBROJD-UHFFFAOYSA-N","Completed","Organic compounds","Benzenoids","Phenol ethers","Anisoles","Anisoles"
"RUVINXPYWBROJD-ONEGZZNKSA-N","Completed","Organic compounds","Benzenoids","Phenol ethers","Anisoles","Anisoles"
"XIYKRJLTYKUWAM-UHFFFAOYSA-N","Completed","Organic compounds","Organoheterocyclic compounds","Benzodioxoles","","Benzodioxoles"
"POIARNZEYGURDG-FNORWQNLSA-N","Completed","Organic compounds","Organic oxygen compounds","Organooxygen compounds","Carbonyl compounds","Alpha,beta-unsaturated carbonyl compounds","Alpha,beta-unsaturated ketones","Enones"
"RUELTTOHQODFPA-UHFFFAOYSA-N","Completed","Organic compounds","Benzenoids","Benzene and substituted derivatives","Toluenes","Toluene diisocyanates"
"HZPKNSYIDSNZKW-UHFFFAOYSA-N","Completed","Organic compounds","Lipids and lipid-like molecules","Fatty Acyls","Fatty acid esters","Fatty acid esters"
"RDHNTAXPFZIMDN-UHFFFAOYSA-N","Completed","Organic compounds","Organic oxygen compounds","Organooxygen compounds","Ethers","Acetals"
"DGKXDLCVQSQVBC-UHFFFAOYSA-N","Completed","Organic compounds","Organic acids and derivatives","Carboxylic acids and derivatives","Carboxylic acid derivatives","Carboxylic acid esters"
"RGVQNSFGUOIKFF-UHFFFAOYSA-N","Completed","Organic compounds","Lipids and lipid-like molecules","Prenol lipids","Monoterpenoids","Monoterpenoids"
"HSNJERRVXUNQLS-UHFFFAOYSA-N","Completed","Organic compounds","Benzenoids","Benzene and substituted derivatives","Phenylpropanes","Phenylpropanes"
"MJTPMXWJHPOWGH-UHFFFAOYSA-N","Completed","Organic compounds","Benzenoids","Phenol ethers","","Phenol ethers"
"VGHBEMPMIVEGJP-UHFFFAOYSA-N","Completed","Organic compounds","Organoheterocyclic compounds","Dihydrofurans","Furanones","Butenolides"
"BEGLCMHJXHIJLR-UHFFFAOYSA-N","Completed","Organic compounds","Organoheterocyclic compounds","Azoles","Thiazoles","Thiazoles"
"LXCFILQKKLGQFO-UHFFFAOYSA-N","Completed","Organic compounds","Benzenoids","Benzene and substituted derivatives","Benzoic acids and derivatives","Benzoic acid esters","p-Hydroxybenzoic acid esters","p-Hydroxybenzoic acid alkyl esters"
"QELSKZZBTMNZEB-UHFFFAOYSA-N","Completed","Organic compounds","Benzenoids","Benzene and substituted derivatives","Benzoic acids and derivatives","Benzoic acid esters","p-Hydroxybenzoic acid esters","p-Hydroxybenzoic acid alkyl esters"
"ZCTQGTTXIYCGGC-UHFFFAOYSA-N","Completed","Organic compounds","Benzenoids","Benzene and substituted derivatives","Benzoic acids and derivatives","Benzoic acid esters","o-Hydroxybenzoic acid esters"
"SNPLKNRPJHDVJA-ZETCQYMHSA-N","Completed","Organic compounds","Lipids and lipid-like molecules","Fatty Acyls","Fatty amides","N-acyl amines"
"PKLPQOJFHFGVBS-UHFFFAOYSA-N","Completed","Organic compounds","Organic oxygen compounds","Organooxygen compounds","Carbonyl compounds","Ketones","Aryl ketones","Aryl alkyl ketones"
"JEQRBTDTEKWZBW-UHFFFAOYSA-N","Completed","Organic compounds","Organic oxygen compounds","Organooxygen compounds","Carbonyl compounds","Ketones","Aryl ketones","Aryl alkyl ketones"
"PGRHXDWITVMQBC-UHFFFAOYSA-N","Completed","Organic compounds","Organoheterocyclic compounds","Pyrans","Pyranones and derivatives","Dihydropyranones"
"YRKCREAYFQTBPV-UHFFFAOYSA-N","Completed","Organic compounds","Organic oxygen compounds","Organooxygen compounds","Carbonyl compounds","1,3-dicarbonyl compounds","Beta-diketones"
"URAYPUMNDPQOKB-UHFFFAOYSA-N","Completed","Organic compounds","Lipids and lipid-like molecules","Glycerolipids","Triradylcglycerols","Triacylglycerols"
"SHZIWNPUGXLXDT-UHFFFAOYSA-N","Completed","Organic compounds","Lipids and lipid-like molecules","Fatty Acyls","Fatty acid esters","Fatty acid esters"
"IGARGHRYKHJQSM-UHFFFAOYSA-N","Completed","Organic compounds","Benzenoids","Benzene and substituted derivatives","","Benzene and substituted derivatives"
"QABLOFMHHSOFRJ-UHFFFAOYSA-N","Completed","Organic compounds","Organic acids and derivatives","Carboxylic acids and derivatives","Carboxylic acid derivatives","Carboxylic acid esters","Methyl esters"
"QPFMBZIOSGYJDE-UHFFFAOYSA-N","Completed","Organic compounds","Organohalogen compounds","Organochlorides","","Organochlorides"
"CRZQGDNQQAALAY-UHFFFAOYSA-N","Completed","Organic compounds","Benzenoids","Benzene and substituted derivatives","","Benzene and substituted derivatives"
"XMGQYMWWDOXHJM-UHFFFAOYSA-N","Completed","Organic compounds","Lipids and lipid-like molecules","Prenol lipids","Monoterpenoids","Menthane monoterpenoids"
"XMGQYMWWDOXHJM-SNVBAGLBSA-N","Completed","Organic compounds","Lipids and lipid-like molecules","Prenol lipids","Monoterpenoids","Menthane monoterpenoids"
"DFPAKSUCGFBDDF-UHFFFAOYSA-N","Completed","Organic compounds","Organoheterocyclic compounds","Pyridines and derivatives","Pyridinecarboxylic acids and derivatives","Pyridinecarboxamides","Nicotinamides"
"LGTLDEUQCOJGFP-WAYWQWQTSA-N","Completed","Organic compounds","Organic acids and derivatives","Carboxylic acids and derivatives","Carboxylic acid derivatives","Carboxylic acid esters"
"MBZRJSQZCBXRGK-XYPYZODXSA-N","Completed","Organic compounds","Organic acids and derivatives","Carboxylic acids and derivatives","Carboxylic acid derivatives","Carboxylic acid esters"
"XOJVVFBFDXDTEG-UHFFFAOYSA-N","Completed","Organic compounds","Lipids and lipid-like molecules","Prenol lipids","Diterpenoids","Acyclic diterpenoids"
"GGYKPYDKXLHNTI-UHFFFAOYSA-N","Completed","Organic compounds","Lipids and lipid-like molecules","Prenol lipids","Diterpenoids","Acyclic diterpenoids"
"XCSGHNKDXGYELG-UHFFFAOYSA-N","Completed","Organic compounds","Benzenoids","Phenol ethers","","Phenol ethers"
"RNVYQYLELCKWAN-UHFFFAOYSA-N","Completed","Organic compounds","Organic oxygen compounds","Organooxygen compounds","Ethers","Acetals","Ketals"
"PQXKWPLDPFFDJP-UHFFFAOYSA-N","Completed","Organic compounds","Organoheterocyclic compounds","Epoxides","","Epoxides"
"XSNQECSCDATQEL-UHFFFAOYSA-N","Completed","Organic compounds","Organic oxygen compounds","Organooxygen compounds","Alcohols and polyols","Tertiary alcohols"
"DLTWBMHADAJAAZ-UHFFFAOYSA-N","Completed","Organic compounds","Organic oxygen compounds","Organooxygen compounds","Alcohols and polyols","Secondary alcohols","Cyclohexanols"
"KZTYYGOKRVBIMI-UHFFFAOYSA-N","Completed","Organic compounds","Benzenoids","Benzene and substituted derivatives","Benzenesulfonyl compounds","Benzenesulfonyl compounds"
"YBGZDTIWKVFICR-JLHYYAGUSA-N","Completed","Organic compounds","Phenylpropanoids and polyketides","Cinnamic acids and derivatives","Cinnamic acid esters","Cinnamic acid esters"
"ZPWFUIUNWDIYCJ-UHFFFAOYSA-N","Completed","Organic compounds","Lipids and lipid-like molecules","Fatty Acyls","Fatty acid esters","Fatty acid esters"
"MBZRJSQZCBXRGK-UHFFFAOYSA-N","Completed","Organic compounds","Organic acids and derivatives","Carboxylic acids and derivatives","Carboxylic acid derivatives","Carboxylic acid esters"
"ONKNPOPIGWHAQC-UHFFFAOYSA-N","Completed","Organic compounds","Organoheterocyclic compounds","Benzopyrans","2-benzopyrans","2-benzopyrans"
"XXJWXESWEXIICW-UHFFFAOYSA-N","Completed","Organic compounds","Organic oxygen compounds","Organooxygen compounds","Ethers","Dialkyl ethers"
"FLIACVVOZYBSBS-UHFFFAOYSA-N","Completed","Organic compounds","Lipids and lipid-like molecules","Fatty Acyls","Fatty acid esters","Fatty acid methyl esters"
"HPEUJPJOZXNMSJ-UHFFFAOYSA-N","Completed","Organic compounds","Lipids and lipid-like molecules","Fatty Acyls","Fatty acid esters","Fatty acid methyl esters"
"WTLBZVNBAKMVDP-UHFFFAOYSA-N","Completed","Organic compounds","Organic acids and derivatives","Organic phosphoric acids and derivatives","Phosphate esters","Alkyl phosphates","Trialkyl phosphates"
"JBSLOWBPDRZSMB-FPLPWBNLSA-N","Completed","Organic compounds","Lipids and lipid-like molecules","Fatty Acyls","Fatty acid esters","Fatty acid esters"
"UHOVQNZJYSORNB-UHFFFAOYSA-N","Completed","Organic compounds","Benzenoids","Benzene and substituted derivatives","","Benzene and substituted derivatives"
"UADWUILHKRXHMM-UHFFFAOYSA-N","Completed","Organic compounds","Benzenoids","Benzene and substituted derivatives","Benzoic acids and derivatives","Benzoic acid esters"
"WSSJONWNBBTCMG-UHFFFAOYSA-N","Completed","Organic compounds","Benzenoids","Benzene and substituted derivatives","Benzoic acids and derivatives","Benzoic acid esters","o-Hydroxybenzoic acid esters"
"IUMSDRXLFWAGNT-UHFFFAOYSA-N","Completed","Organic compounds","Organometallic compounds","Organometalloid compounds","Organosilicon compounds","Organoheterosilanes"
"GSANOGQCVHBHIF-UHFFFAOYSA-N","Completed","Organic compounds","Organometallic compounds","Organometalloid compounds","Organosilicon compounds","Organoheterosilanes"
"XKJMJYZFAWYREL-UHFFFAOYSA-N","Completed","Organic compounds","Organometallic compounds","Organometalloid compounds","Organosilicon compounds","Organoheterosilanes"
"ISXOGOLHEGHGQF-UHFFFAOYSA-N","Completed","Organic compounds","Organometallic compounds","Organometalloid compounds","Organosilicon compounds","Organoheterosilanes"
"JUJWROOIHBZHMG-UHFFFAOYSA-N","Completed","Organic compounds","Organoheterocyclic compounds","Pyridines and derivatives","","Pyridines and derivatives"
"VLQBSKLZRSUMTJ-UHFFFAOYSA-N","Completed","Organic compounds","Organosulfur compounds","Thioethers","Aryl thioethers","Aryl thioethers"
"GOXQRTZXKQZDDN-UHFFFAOYSA-N","Completed","Organic compounds","Organic acids and derivatives","Carboxylic acids and derivatives","Acrylic acids and derivatives","Acrylic acid esters"
"XCWPXUNHSPOFGV-UHFFFAOYSA-N","Completed","Organic compounds","Organic acids and derivatives","Carboxylic acids and derivatives","Carboxylic acid derivatives","Carboxylic acid esters"
"ROFVEXUMMXZLPA-UHFFFAOYSA-N","Completed","Organic compounds","Organoheterocyclic compounds","Pyridines and derivatives","Bipyridines and oligopyridines","Bipyridines and oligopyridines"
"IFYYFLINQYPWGJ-UHFFFAOYSA-N","Completed","Organic compounds","Organoheterocyclic compounds","Lactones","Gamma butyrolactones","Gamma butyrolactones"
"SDQFDHOLCGWZPU-UHFFFAOYSA-N","Completed","Organic compounds","Benzenoids","Benzene and substituted derivatives","Phenylpropanes","Phenylpropanes"
"XFRVVPUIAFSTFO-UHFFFAOYSA-N","Completed","Organic compounds","Lipids and lipid-like molecules","Fatty Acyls","Fatty alcohols","Long-chain fatty alcohols"
"ORMHZBNNECIKOH-UHFFFAOYSA-N","Completed","Organic compounds","Organic oxygen compounds","Organooxygen compounds","Alcohols and polyols","Tertiary alcohols"
"IEPWIPZLLIOZLU-ARJAWSKDSA-N","Completed","Organic compounds","Benzenoids","Benzene and substituted derivatives","Benzoic acids and derivatives","Benzoic acid esters","o-Hydroxybenzoic acid esters"
"AQYNZOSCOWGGTP-UHFFFAOYSA-N","Completed","Organic compounds","Organosulfur compounds","Thioethers","Aryl thioethers","Diarylthioethers"
"HAXFWIACAGNFHA-UHFFFAOYSA-N","Completed","Organic compounds","Organoheterocyclic compounds","Pyridines and derivatives","","Pyridines and derivatives"
"PICXIOQBANWBIZ-UHFFFAOYSA-N","Completed","Organic compounds","Organoheterocyclic compounds","Pyridines and derivatives","Hydropyridines","Dihydropyridines"
"ZFNVDHOSLNRHNN-UHFFFAOYSA-N","Completed","Organic compounds","Lipids and lipid-like molecules","Prenol lipids","Monoterpenoids","Aromatic monoterpenoids"
"MIZGSAALSYARKU-UHFFFAOYSA-N","Completed","Organic compounds","Organic oxygen compounds","Organooxygen compounds","Carbonyl compounds","Ketones","Cyclic ketones","Cyclohexenones"
"RUJPNZNXGCHGID-UHFFFAOYSA-N","Completed","Organic compounds","Lipids and lipid-like molecules","Prenol lipids","Monoterpenoids","Menthane monoterpenoids"
"SIKJAQJRHWYJAI-UHFFFAOYSA-N","Completed","Organic compounds","Organoheterocyclic compounds","Indoles and derivatives","Indoles","Indoles"
"YTYTYXVZBHJYMY-NPHNYOHOSA-N","Completed","Organic compounds","Organic oxygen compounds","Organooxygen compounds","Carbohydrates and carbohydrate conjugates","Glycosyl compounds","C-glycosyl compounds"
"LMWNGLDCJDIIBR-UHFFFAOYSA-N","Completed","Organic compounds","Lipids and lipid-like molecules","Prenol lipids","Sesquiterpenoids","Sesquiterpenoids"
"KBPLFHHGFOOTCA-UHFFFAOYSA-N","Completed","Organic compounds","Lipids and lipid-like molecules","Fatty Acyls","Fatty alcohols","Fatty alcohols"
"ZANNOFHADGWOLI-UHFFFAOYSA-N","Completed","Organic compounds","Organic acids and derivatives","Carboxylic acids and derivatives","Carboxylic acid derivatives","Carboxylic acid esters"
"JDQVBGQWADMTAM-UHFFFAOYSA-N","Completed","Organic compounds","Benzenoids","Benzene and substituted derivatives","","Benzene and substituted derivatives"
"VAYGXNSJCAHWJZ-UHFFFAOYSA-N","Completed","Organic compounds","Organic acids and derivatives","Organic sulfuric acids and derivatives","Sulfuric acid esters","Sulfuric acid diesters"
"HCRBXQFHJMCTLF-UHFFFAOYSA-N","Completed","Organic compounds","Lipids and lipid-like molecules","Fatty Acyls","Fatty acid esters","Fatty acid esters"
"HITOXZPZGPXYHY-UHFFFAOYSA-N","Completed","Organic compounds","Organoheterocyclic compounds","Pyrans","Pyranones and derivatives","Dihydropyranones"
"SJWKGDGUQTWDRV-UHFFFAOYSA-N","Completed","Organic compounds","Lipids and lipid-like molecules","Fatty Acyls","Fatty acid esters","Fatty acid esters"
"YIROYDNZEPTFOL-UHFFFAOYSA-N","Completed","Organic compounds","Organoheterocyclic compounds","Azolidines","Imidazolidines","Imidazolidinones","Imidazolidinediones","Hydantoins"
"FBUKVWPVBMHYJY-UHFFFAOYSA-N","Completed","Organic compounds","Lipids and lipid-like molecules","Fatty Acyls","Fatty acids and conjugates","Medium-chain fatty acids"
"TWXUTZNBHUWMKJ-UHFFFAOYSA-N","Completed","Organic compounds","Lipids and lipid-like molecules","Fatty Acyls","Fatty acid esters","Fatty acid esters"
"GVJHHUAWPYXKBD-IEOSBIPESA-N","Completed","Organic compounds","Lipids and lipid-like molecules","Prenol lipids","Quinone and hydroquinone lipids","Vitamin E compounds","Tocopherols"
"ZAKOWWREFLAJOT-CEFNRUSXSA-N","Completed","Organic compounds","Lipids and lipid-like molecules","Prenol lipids","Quinone and hydroquinone lipids","Vitamin E compounds"
"MLFHJEHSLIIPHL-UHFFFAOYSA-N","Completed","Organic compounds","Organic acids and derivatives","Carboxylic acids and derivatives","Carboxylic acid derivatives","Carboxylic acid esters"
"VONGZNXBKCOUHB-UHFFFAOYSA-N","Completed","Organic compounds","Benzenoids","Benzene and substituted derivatives","Benzyloxycarbonyls","Benzyloxycarbonyls"
"YIKYNHJUKRTCJL-UHFFFAOYSA-N","Completed","Organic compounds","Organoheterocyclic compounds","Pyrans","Pyranones and derivatives","Pyranones and derivatives"
"DHNRXBZYEKSXIM-UHFFFAOYSA-N","Completed","Organic compounds","Organohalogen compounds","Aryl halides","Aryl chlorides","Aryl chlorides"
"IPBFYZQJXZJBFQ-UHFFFAOYSA-N","Completed","Organic compounds","Organoheterocyclic compounds","Lactones","Gamma butyrolactones","Gamma butyrolactones"
"XHIUFYZDQBSEMF-UHFFFAOYSA-N","Completed","Organic compounds","Organic acids and derivatives","Carboxylic acids and derivatives","Carboxylic acid derivatives","Carboxylic acid esters"
"CZXGXYBOQYQXQD-UHFFFAOYSA-N","Completed","Organic compounds","Benzenoids","Benzene and substituted derivatives","Benzenesulfonic acids and derivatives","Benzenesulfonate esters"
"SIQZJFKTROUNPI-UHFFFAOYSA-N","Completed","Organic compounds","Organoheterocyclic compounds","Azolidines","Imidazolidines","Imidazolidinones","Imidazolidinediones","Hydantoins"
"XXIKYCPRDXIMQM-UHFFFAOYSA-N","Completed","Organic compounds","Organic acids and derivatives","Carboxylic acids and derivatives","Carboxylic acid derivatives","Carboxylic acid esters"
"SHSGYHAHMQLYRB-UHFFFAOYSA-N","Completed","Organic compounds","Benzenoids","Benzene and substituted derivatives","Phenylpropanes","Phenylpropanes"
"NJGBTKGETPDVIK-UHFFFAOYSA-N","Completed","Organic compounds","Benzenoids","Phenols","1-hydroxy-2-unsubstituted benzenoids","1-hydroxy-2-unsubstituted benzenoids"
"TVQGDYNRXLTQAP-UHFFFAOYSA-N","Completed","Organic compounds","Lipids and lipid-like molecules","Fatty Acyls","Fatty acid esters","Fatty acid esters"
"RRAFCDWBNXTKKO-UHFFFAOYSA-N","Completed","Organic compounds","Benzenoids","Phenols","Methoxyphenols","Methoxyphenols"
"DDIZAANNODHTRB-UHFFFAOYSA-N","Completed","Organic compounds","Benzenoids","Benzene and substituted derivatives","Benzoic acids and derivatives","Methoxybenzoic acids and derivatives","P-methoxybenzoic acids and derivatives"
"RCSBILYQLVXLJG-UHFFFAOYSA-N","Completed","Organic compounds","Lipids and lipid-like molecules","Fatty Acyls","Fatty acid esters","Fatty acid esters"
"JRTBBCBDKSRRCY-UHFFFAOYSA-N","Completed","Organic compounds","Lipids and lipid-like molecules","Prenol lipids","Monoterpenoids","Acyclic monoterpenoids"
"CYHBDKTZDLSRMY-UHFFFAOYSA-N","Completed","Organic compounds","Organic acids and derivatives","Carboxylic acids and derivatives","Carboxylic acid derivatives","Carboxylic acid esters"
"FMXKKHBXBBAQBC-UHFFFAOYSA-N","Completed","Organic compounds","Hydrocarbons","Unsaturated hydrocarbons","Branched unsaturated hydrocarbons","Branched unsaturated hydrocarbons"
"QJJDNZGPQDGNDX-UHFFFAOYSA-N","Completed","Organic compounds","Lipids and lipid-like molecules","Prenol lipids","Sesquiterpenoids","Sesquiterpenoids"
"DUKPKQFHJQGTGU-UHFFFAOYSA-N","Completed","Organic compounds","Benzenoids","Benzene and substituted derivatives","Benzoic acids and derivatives","Benzoic acid esters","o-Hydroxybenzoic acid esters"
"IFKGKEYWZPTXEY-UHFFFAOYSA-N","Completed","Organic compounds","Benzenoids","Benzene and substituted derivatives","Phenylpropanes","Phenylpropanes"
"BGJSXRVXTHVRSN-UHFFFAOYSA-N","Completed","Organic compounds","Organoheterocyclic compounds","Trioxanes","","Trioxanes"
"XMLSXPIVAXONDL-PLNGDYQASA-N","Completed","Organic compounds","Organic oxygen compounds","Organooxygen compounds","Carbonyl compounds","Ketones","Cyclic ketones"
"PCBSXBYCASFXTM-UHFFFAOYSA-N","Completed","Organic compounds","Benzenoids","Phenol ethers","Anisoles","Anisoles"
"DURPTKYDGMDSBL-UHFFFAOYSA-N","Completed","Organic compounds","Organic oxygen compounds","Organooxygen compounds","Ethers","Dialkyl ethers"
"ZNSMNVMLTJELDZ-UHFFFAOYSA-N","Completed","Organic compounds","Organic oxygen compounds","Organooxygen compounds","Ethers","Dialkyl ethers"
"AGYUOJIYYGGHKV-UHFFFAOYSA-N","Completed","Organic compounds","Organic oxygen compounds","Organooxygen compounds","Ethers","Dialkyl ethers"
"MWOOGOJBHIARFG-UHFFFAOYSA-N","Completed","Organic compounds","Benzenoids","Phenols","Methoxyphenols","Methoxyphenols"
"WXQGPFZDVCRBME-BPLDGKMQSA-N","Completed","Organic compounds","Lipids and lipid-like molecules","Prenol lipids","Sesquiterpenoids","Sesquiterpenoids"
"OBNCKNCVKJNDBV-UHFFFAOYSA-N","Completed","Organic compounds","Lipids and lipid-like molecules","Fatty Acyls","Fatty acid esters","Fatty acid esters"
"YGFGZTXGYTUXBA-UHFFFAOYSA-N","Completed","Organic compounds","Organic oxygen compounds","Organooxygen compounds","Carbonyl compounds","Aldehydes","Medium-chain aldehydes"
"MBZKQDXXFMITAC-UHFFFAOYSA-N","Completed","Organic compounds","Lipids and lipid-like molecules","Fatty Acyls","Fatty acid esters","Fatty acid esters"
"IHPDTPWNFBQHEB-ZIAGYGMSSA-N","Completed","Organic compounds","Phenylpropanoids and polyketides","Stilbenes","","Stilbenes"
"XWEOGMYZFCHQNT-UHFFFAOYSA-N","Completed","Organic compounds","Lipids and lipid-like molecules","Fatty Acyls","Fatty acid esters","Fatty acid esters"
"OALYTRUKMRCXNH-UHFFFAOYSA-N","Completed","Organic compounds","Organoheterocyclic compounds","Lactones","Gamma butyrolactones","Gamma butyrolactones"
"MZPDTOMKQCMETI-UHFFFAOYSA-N","Completed","Organic compounds","Lipids and lipid-like molecules","Prenol lipids","Monoterpenoids","Acyclic monoterpenoids"
"HIGQPQRQIQDZMP-FLIBITNWSA-N","Completed","Organic compounds","Lipids and lipid-like molecules","Fatty Acyls","Fatty alcohol esters","Fatty alcohol esters"
"GZPHSAQLYPIAIN-UHFFFAOYSA-N","Completed","Organic compounds","Organoheterocyclic compounds","Pyridines and derivatives","3-pyridinecarbonitriles","3-pyridinecarbonitriles"
"KHWTYGFHPHRQMP-MGCOHNPYSA-N","Completed","Organic compounds","Lipids and lipid-like molecules","Prenol lipids","Monoterpenoids","Menthane monoterpenoids"
"ULDHMXUKGWMISQ-UHFFFAOYSA-N","Completed","Organic compounds","Lipids and lipid-like molecules","Prenol lipids","Monoterpenoids","Menthane monoterpenoids"
"WPFVBOQKRVRMJB-UHFFFAOYSA-N","Completed","Organic compounds","Organic oxygen compounds","Organooxygen compounds","Carbonyl compounds","Aldehydes","Medium-chain aldehydes"
"CCRCUPLGCSFEDV-BQYQJAHWSA-N","Completed","Organic compounds","Phenylpropanoids and polyketides","Cinnamic acids and derivatives","Cinnamic acid esters","Cinnamic acid esters"
"LJWSSBMIPRWJRH-UHFFFAOYSA-N","Completed","Organic compounds","Benzenoids","Indanes","Indanones","Indanones"
"ANPPGQUFDXLAGY-UHFFFAOYSA-N","Completed","Organic compounds","Benzenoids","Benzene and substituted derivatives","Benzoic acids and derivatives","Benzoic acid esters"
"FEXCMMPRRBSCRG-UHFFFAOYSA-N","Completed","Inorganic compounds","Homogeneous non-metal compounds","Other non-metal organides","Other non-metal sulfides","Other non-metal sulfides"
"JLQNHALFVCURHW-UHFFFAOYSA-N","Completed","Inorganic compounds","Homogeneous non-metal compounds","Other non-metal organides","Other non-metal sulfides","Other non-metal sulfides"
"YYCPSEFQLGXPCO-VIFPVBQESA-N","Completed","Organic compounds","Lipids and lipid-like molecules","Prenol lipids","Monoterpenoids","Menthane monoterpenoids"
"IANQTJSKSUMEQM-UHFFFAOYSA-N","Completed","Organic compounds","Organoheterocyclic compounds","Benzofurans","","Benzofurans"
"OGLDWXZKYODSOB-UHFFFAOYSA-N","Completed","Organic compounds","Lipids and lipid-like molecules","Prenol lipids","Monoterpenoids","Menthane monoterpenoids"
"ZOZIRNMDEZKZHM-UHFFFAOYSA-N","Completed","Organic compounds","Benzenoids","Benzene and substituted derivatives","","Benzene and substituted derivatives"
"MTZQAGJQAFMTAQ-UHFFFAOYSA-N","Completed","Organic compounds","Benzenoids","Benzene and substituted derivatives","Benzoic acids and derivatives","Benzoic acid esters"
"MQBIZQLCHSZBOI-UHFFFAOYSA-N","Completed","Organic compounds","Lipids and lipid-like molecules","Prenol lipids","Monoterpenoids","Monocyclic monoterpenoids"
"KWKAKUADMBZCLK-UHFFFAOYSA-N","Completed","Organic compounds","Hydrocarbons","Unsaturated hydrocarbons","Unsaturated aliphatic hydrocarbons","Unsaturated aliphatic hydrocarbons"
"GHVNFZFCNZKVNT-UHFFFAOYSA-N","Completed","Organic compounds","Lipids and lipid-like molecules","Fatty Acyls","Fatty acids and conjugates","Medium-chain fatty acids"
"PPBRXRYQALVLMV-UHFFFAOYSA-N","Completed","Organic compounds","Benzenoids","Benzene and substituted derivatives","Styrenes","Styrenes"
"KCXMKQUNVWSEMD-UHFFFAOYSA-N","Completed","Organic compounds","Benzenoids","Benzene and substituted derivatives","Benzyl halides","Benzyl chlorides"
"MUXOBHXGJLMRAB-UHFFFAOYSA-N","Completed","Organic compounds","Lipids and lipid-like molecules","Fatty Acyls","Fatty acid esters","Fatty acid methyl esters"
"UDSFAEKRVUSQDD-UHFFFAOYSA-N","Completed","Organic compounds","Lipids and lipid-like molecules","Fatty Acyls","Fatty acid esters","Fatty acid methyl esters"
"LGRFSURHDFAFJT-UHFFFAOYSA-N","Completed","Organic compounds","Organoheterocyclic compounds","Benzofurans","Benzofuranones","Phthalic anhydrides"
"ZMQAAUBTXCXRIC-UHFFFAOYSA-N","Completed","Organic compounds","Organoheterocyclic compounds","Benzodioxoles","","Benzodioxoles"
"WNZQDUSMALZDQF-UHFFFAOYSA-N","Completed","Organic compounds","Organoheterocyclic compounds","Isocoumarans","Isobenzofuranones","Phthalides"
"NIQCNGHVCWTJSM-UHFFFAOYSA-N","Completed","Organic compounds","Benzenoids","Benzene and substituted derivatives","Benzoic acids and derivatives","Benzoic acid esters"
"DXGLGDHPHMLXJC-UHFFFAOYSA-N","Completed","Organic compounds","Benzenoids","Benzene and substituted derivatives","Benzophenones","Benzophenones"
"FTOVXSOBNPWTSH-UHFFFAOYSA-N","Completed","Organic compounds","Benzenoids","Phenanthrenes and derivatives","","Phenanthrenes and derivatives"
"IBSQPLPBRSHTTG-UHFFFAOYSA-N","Completed","Organic compounds","Benzenoids","Benzene and substituted derivatives","Halobenzenes","Chlorobenzenes"
"GYHFUZHODSMOHU-UHFFFAOYSA-N","Completed","Organic compounds","Organic oxygen compounds","Organooxygen compounds","Carbonyl compounds","Aldehydes","Medium-chain aldehydes"
"CSNIZNHTOVFARY-UHFFFAOYSA-N","Completed","Organic compounds","Organoheterocyclic compounds","Benzothiazoles","","Benzothiazoles"
"DLKDEVCJRCPTLN-UHFFFAOYSA-N","Completed","Organic compounds","Organoheterocyclic compounds","Isoindoles and derivatives","Isoindolines","Isoindolones","Phthalimides"
"ISAVYTVYFVQUDY-UHFFFAOYSA-N","Completed","Organic compounds","Benzenoids","Benzene and substituted derivatives","Phenylpropanes","Phenylpropanes"
"SVURIXNDRWRAFU-OGMFBOKVSA-N","Completed","Organic compounds","Lipids and lipid-like molecules","Prenol lipids","Sesquiterpenoids","Cedrane and isocedrane sesquiterpenoids"
"QNODIIQQMGDSEF-UHFFFAOYSA-N","Completed","Organic compounds","Organic oxygen compounds","Organooxygen compounds","Carbonyl compounds","Ketones","Aryl ketones","Phenylketones","Alkyl-phenylketones"
"WTLBZVNBAKMVDP-UHFFFAOYSA-N","Completed","Organic compounds","Organic acids and derivatives","Organic phosphoric acids and derivatives","Phosphate esters","Alkyl phosphates","Trialkyl phosphates"
"FMJSMJQBSVNSBF-UHFFFAOYSA-N","Completed","Organic compounds","Benzenoids","Benzene and substituted derivatives","Diphenylmethanes","Diphenylmethanes"
"VIHAEDVKXSOUAT-UHFFFAOYSA-N","Completed","Organic compounds","Organoheterocyclic compounds","Dihydrofurans","Furanones","Butenolides"
"XGJPUQFWFRCCFO-UHFFFAOYSA-N","Completed","Organic compounds","Organoheterocyclic compounds","Pyrrolidines","Pyrrolidones","Pyrrolidine-2-ones"
"POAOYUHQDCAZBD-UHFFFAOYSA-N","Completed","Organic compounds","Organic oxygen compounds","Organooxygen compounds","Ethers","Dialkyl ethers"
"VLUMOWNVWOXZAU-UHFFFAOYSA-N","Completed","Organic compounds","Phenylpropanoids and polyketides","Cinnamaldehydes","","Cinnamaldehydes"
"BIXZHMJUSMUDOQ-UHFFFAOYSA-N","Completed","Organic compounds","Benzenoids","Benzene and substituted derivatives","Nitrobenzenes","Nitrobenzenes"
"CGPPWNTVTNCHDO-UHFFFAOYSA-N","Completed","Organic compounds","Benzenoids","Benzene and substituted derivatives","Nitrobenzenes","Nitrobenzenes"
"KVMPUXDNESXNOH-UHFFFAOYSA-N","Completed","Organic compounds","Organic acids and derivatives","Organic phosphoric acids and derivatives","Phosphate esters","Alkyl phosphates","Trialkyl phosphates"
"LHRIICYSGQGXSX-UHFFFAOYSA-N","Completed","Organic compounds","Benzenoids","Benzene and substituted derivatives","Aniline and substituted anilines","Dinitroanilines"
"YMZIFDLWYUSZCC-UHFFFAOYSA-N","Completed","Organic compounds","Benzenoids","Benzene and substituted derivatives","Nitrobenzenes","Nitrobenzenes"
"CWLGEPSKQDNHIO-UHFFFAOYSA-N","Completed","Organic compounds","Benzenoids","Benzene and substituted derivatives","","Benzene and substituted derivatives"
"LOCWBQIWHWIRGN-UHFFFAOYSA-N","Completed","Organic compounds","Benzenoids","Benzene and substituted derivatives","Nitrobenzenes","Nitrobenzenes"
"KYQCOXFCLRTKLS-UHFFFAOYSA-N","Completed","Organic compounds","Organoheterocyclic compounds","Diazines","Pyrazines","Pyrazines"
"ODLMAHJVESYWTB-UHFFFAOYSA-N","Completed","Organic compounds","Benzenoids","Benzene and substituted derivatives","Phenylpropanes","Phenylpropanes"
"WRHZVMBBRYBTKZ-UHFFFAOYSA-N","Completed","Organic compounds","Organoheterocyclic compounds","Pyrroles","Pyrrole carboxylic acids and derivatives","Pyrrole carboxylic acids","Pyrrole 2-carboxylic acids"
"VKYKSIONXSXAKP-UHFFFAOYSA-N","Completed","Organic compounds","Organoheterocyclic compounds","Triazinanes","1,3,5-triazinanes","1,3,5-triazinanes"
"DUFKCOQISQKSAV-UHFFFAOYSA-N","Completed","Organic compounds","Organic oxygen compounds","Organooxygen compounds","Alcohols and polyols","Secondary alcohols"
"GGFNXKFGVQQNRV-UHFFFAOYSA-N","Completed","Organic compounds","Lipids and lipid-like molecules","Fatty Acyls","Fatty acid esters","Fatty acid esters"
"YGUFQYGSBVXPMC-UHFFFAOYSA-N","Completed","Organic compounds","Benzenoids","Benzene and substituted derivatives","Methoxybenzenes","Dimethoxybenzenes"
"WXPWZZHELZEVPO-UHFFFAOYSA-N","Completed","Organic compounds","Benzenoids","Benzene and substituted derivatives","Benzophenones","Benzophenones"
"YABASAWVVRQMEU-UHFFFAOYSA-N","Completed","Organic compounds","Lipids and lipid-like molecules","Steroids and steroid derivatives","Cycloartanols and derivatives","Cycloartanols and derivatives"
"DMSMPAJRVJJAGA-UHFFFAOYSA-N","Completed","Organic compounds","Organoheterocyclic compounds","Benzothiazoles","","Benzothiazoles"
"BFZOTKYPSZSDEV-UHFFFAOYSA-N","Completed","Organic compounds","Benzenoids","Benzene and substituted derivatives","Phenylpropanes","Phenylpropanes"
"BGTOWKSIORTVQH-UHFFFAOYSA-N","Completed","Organic compounds","Organic oxygen compounds","Organooxygen compounds","Carbonyl compounds","Ketones","Cyclic ketones"
"NGQTUWCDHLILAX-UHFFFAOYSA-N","Completed","Organic compounds","Benzenoids","Benzene and substituted derivatives","","Benzene and substituted derivatives"
"UWSMKYBKUPAEJQ-UHFFFAOYSA-N","Completed","Organic compounds","Organoheterocyclic compounds","Azoles","Triazoles","Phenyltriazoles","Phenyl-1,2,3-triazoles"
"WDQMWEYDKDCEHT-UHFFFAOYSA-N","Completed","Organic compounds","Organic acids and derivatives","Carboxylic acids and derivatives","Carboxylic acid derivatives","Carboxylic acid esters","Alpha,beta-unsaturated carboxylic esters","Enoate esters"
"FEXQDZTYJVXMOS-UHFFFAOYSA-N","Completed","Organic compounds","Benzenoids","Benzene and substituted derivatives","Benzoic acids and derivatives","Benzoic acid esters"
"AQSCHALQLXXKKC-UHFFFAOYSA-N","Completed","Organic compounds","Benzenoids","Benzene and substituted derivatives","Benzoic acids and derivatives","Benzoic acids"
"KDVYCTOWXSLNNI-UHFFFAOYSA-N","Completed","Organic compounds","Benzenoids","Benzene and substituted derivatives","Phenylpropanes","Phenylpropanes"
"NTIZESTWPVYFNL-UHFFFAOYSA-N","Completed","Organic compounds","Organic oxygen compounds","Organooxygen compounds","Carbonyl compounds","Ketones"
"VRJHQPZVIGNGMX-UHFFFAOYSA-N","Completed","Organic compounds","Organoheterocyclic compounds","Piperidines","Piperidinones","Piperidinones"
"QFMJFXFXQAFGBO-UHFFFAOYSA-N","Completed","Organic compounds","Benzenoids","Benzene and substituted derivatives","Nitrobenzenes","Nitrophenyl ethers"
"IODOXLXFXNATGI-UHFFFAOYSA-N","Completed","Organic compounds","Benzenoids","Naphthalenes","Naphthalenecarboxylic acids and derivatives","Naphthalenecarboxylic acids"
"LXQOQPGNCGEELI-UHFFFAOYSA-N","Completed","Organic compounds","Benzenoids","Benzene and substituted derivatives","Aniline and substituted anilines","Dinitroanilines"
"MXNBXEFODBPXBQ-UHFFFAOYSA-N","Completed","Organic compounds","Organoheterocyclic compounds","Isoindoles and derivatives","Isoindolines","Isoindolones","Phthalimides"
"SYQIWVMFOAHDMK-UHFFFAOYSA-N","Completed","Organic compounds","Organoheterocyclic compounds","Epoxides","","Epoxides"
"IZXIZTKNFFYFOF-UHFFFAOYSA-N","Completed","Organic compounds","Organoheterocyclic compounds","Azolines","Oxazolines","Oxazolines"
"DYDNPESBYVVLBO-UHFFFAOYSA-N","Completed","Organic compounds","Benzenoids","Benzene and substituted derivatives","Anilides","Anilides"
"OOCCDEMITAIZTP-UHFFFAOYSA-N","Completed","Organic compounds","Phenylpropanoids and polyketides","Cinnamyl alcohols","","Cinnamyl alcohols"
"OKUNFCUAPUTMHR-UHFFFAOYSA-N","Completed","Organic compounds","Hydrocarbons","Unsaturated hydrocarbons","Branched unsaturated hydrocarbons","Branched unsaturated hydrocarbons"
"FZERHIULMFGESH-UHFFFAOYSA-N","Completed","Organic compounds","Benzenoids","Benzene and substituted derivatives","","Benzene and substituted derivatives"
"XSIFPSYPOVKYCO-UHFFFAOYSA-N","Completed","Organic compounds","Benzenoids","Benzene and substituted derivatives","Benzoic acids and derivatives","Benzoic acid esters"
"XKJCHHZQLQNZHY-UHFFFAOYSA-N","Completed","Organic compounds","Organoheterocyclic compounds","Isoindoles and derivatives","Isoindolines","Isoindolones","Phthalimides"
"DMBHHRLKUKUOEG-UHFFFAOYSA-N","Completed","Organic compounds","Benzenoids","Benzene and substituted derivatives","Aniline and substituted anilines","Aniline and substituted anilines"
"DMLAVOWQYNRWNQ-UHFFFAOYSA-N","Completed","Organic compounds","Organoheterocyclic compounds","Azobenzenes","","Azobenzenes"
"SUFHOFZQYXKUCA-UHFFFAOYSA-N","Completed","Organic compounds","Organic oxygen compounds","Organooxygen compounds","Carbonyl compounds","Ketones","Aryl ketones","Phenylketones","Alkyl-phenylketones"
"URBLVRAVOIVZFJ-UHFFFAOYSA-N","Completed","Organic compounds","Benzenoids","Benzene and substituted derivatives","Benzophenones","Benzophenones"
"XJRLKUOFBZMRBR-UHFFFAOYSA-N","Completed","Organic compounds","Organoheterocyclic compounds","Azoles","Triazoles","Phenyltriazoles","Phenyl-1,2,3-triazoles"
"BEYOBVMPDRKTNR-UHFFFAOYSA-N","Completed","Organic compounds","Organoheterocyclic compounds","Azobenzenes","","Azobenzenes"
"TZTDJBMGPQLSLI-UHFFFAOYSA-N","Completed","Organic compounds","Organoheterocyclic compounds","Azobenzenes","","Azobenzenes"
"QPQKUYVSJWQSDY-UHFFFAOYSA-N","Completed","Organic compounds","Organoheterocyclic compounds","Azobenzenes","","Azobenzenes"
"KQZBSZUGKSCFBL-UHFFFAOYSA-N","Completed","Organic compounds","Organoheterocyclic compounds","Azobenzenes","","Azobenzenes"
"WEAYCYAIVOIUMG-UHFFFAOYSA-N","Completed","Organic compounds","Benzenoids","Benzene and substituted derivatives","Toluenes","Tosyl compounds"
"VXLFYNFOITWQPM-UHFFFAOYSA-N","Completed","Organic compounds","Organoheterocyclic compounds","Azobenzenes","","Azobenzenes"
"AOJOEFVRHOZDFN-UHFFFAOYSA-N","Completed","Organic compounds","Benzenoids","Benzene and substituted derivatives","Benzyloxycarbonyls","Benzyloxycarbonyls"
"VQGHOUODWALEFC-UHFFFAOYSA-N","Completed","Organic compounds","Organoheterocyclic compounds","Pyridines and derivatives","Phenylpyridines","Phenylpyridines"
"JDSHMPZPIAZGSV-UHFFFAOYSA-N","Completed","Organic compounds","Organoheterocyclic compounds","Triazines","1,3,5-triazines","1,3,5-triazines"
"ZZZRZBIPCKQDQR-UHFFFAOYSA-N","Completed","Organic compounds","Benzenoids","Benzene and substituted derivatives","Phenylpropanes","Phenylpropanes"
"CERQOIWHTDAKMF-UHFFFAOYSA-N","Completed","Organic compounds","Organic acids and derivatives","Carboxylic acids and derivatives","Carboxylic acids","Carboxylic acids"
"XNGIFLGASWRNHJ-UHFFFAOYSA-N","Completed","Organic compounds","Benzenoids","Benzene and substituted derivatives","Benzoic acids and derivatives","Benzoic acids"
"GTVWRXDRKAHEAD-UHFFFAOYSA-N","Completed","Organic compounds","Organic acids and derivatives","Organic phosphoric acids and derivatives","Phosphate esters","Alkyl phosphates","Trialkyl phosphates"
"LYCAIKOWRPUZTN-UHFFFAOYSA-N","Completed","Organic compounds","Organic oxygen compounds","Organooxygen compounds","Alcohols and polyols","Polyols","1,2-diols"
"MTHSVFCYNBDYFN-UHFFFAOYSA-N","Completed","Organic compounds","Organic oxygen compounds","Organooxygen compounds","Ethers","Dialkyl ethers"
"BNCADMBVWNPPIZ-UHFFFAOYSA-N","Completed","Organic compounds","Organic nitrogen compounds","Organonitrogen compounds","Amines","Tertiary amines","Tertiary alkylarylamines","Dialkylarylamines"
"WHIVNJATOVLWBW-UHFFFAOYSA-N","Completed","Organic compounds","Organic nitrogen compounds","Organonitrogen compounds","Oximes","Ketoximes"
"LCFUUGFUQQAYMY-CJAQKTMASA-N","Completed","Organic compounds","Lipids and lipid-like molecules","Steroids and steroid derivatives","Stigmastanes and derivatives","Stigmastanes and derivatives"
"KMAQZIILEGKYQZ-UHFFFAOYSA-N","Completed","Organic compounds","Benzenoids","Benzene and substituted derivatives","Nitrobenzenes","Nitrobenzenes"
"RNABGKOKSBUFHW-UHFFFAOYSA-N","Completed","Organic compounds","Benzenoids","Benzene and substituted derivatives","Nitrobenzenes","Nitrobenzenes"
"ISDBWOPVZKNQDW-UHFFFAOYSA-N","Completed","Organic compounds","Benzenoids","Benzene and substituted derivatives","Biphenyls and derivatives","Biphenyls and derivatives"
"RRYATXLRCBOQTJ-UHFFFAOYSA-N","Completed","Organic compounds","Benzenoids","Phenol esters","","Phenol esters"
"YZKLGRAIIIGOHB-UHFFFAOYSA-N","Completed","Organic compounds","Benzenoids","Benzene and substituted derivatives","Biphenyls and derivatives","Chlorinated biphenyls","Polychlorinated biphenyls"
"YVBAUDVGOFCUSG-UHFFFAOYSA-N","Completed","Organic compounds","Organoheterocyclic compounds","Heteroaromatic compounds","","Heteroaromatic compounds"
"KJPRLNWUNMBNBZ-DAXSKMNVSA-N","Completed","Organic compounds","Phenylpropanoids and polyketides","Cinnamaldehydes","","Cinnamaldehydes"
"GBGPVUAOTCNZPT-UHFFFAOYSA-N","Completed","Organic compounds","Organoheterocyclic compounds","Benzofurans","","Benzofurans"
"GFJKASVFAWFUNI-UHFFFAOYSA-N","Completed","Organic compounds","Benzenoids","Benzene and substituted derivatives","Nitrobenzenes","Nitrobenzenes"
"ZAGRQXMWMRUYRB-UHFFFAOYSA-N","Completed","Organic compounds","Benzenoids","Benzene and substituted derivatives","Biphenyls and derivatives","Chlorinated biphenyls","Polychlorinated biphenyls"
"IISBACLAFKSPIT-UHFFFAOYSA-N","Completed","Organic compounds","Benzenoids","Benzene and substituted derivatives","Diphenylmethanes","Bisphenols"
"JWMFYGXQPXQEEM-FYAQTYFZNA-N","Completed","Organic compounds","Lipids and lipid-like molecules","Steroids and steroid derivatives","Pregnane steroids","Pregnane steroids"
"LJFWQNJLLOFIJK-UHFFFAOYSA-N","Completed","Organic compounds","Benzenoids","Anthracenes","Anthraquinones","Anthraquinones"
"NKDDWNXOKDWJAK-UHFFFAOYSA-N","Completed","Organic compounds","Organic oxygen compounds","Organooxygen compounds","Ethers","Acetals"
"CEOCDNVZRAIOQZ-UHFFFAOYSA-N","Completed","Organic compounds","Benzenoids","Benzene and substituted derivatives","Halobenzenes","Chlorobenzenes"
"VGVRPFIJEJYOFN-UHFFFAOYSA-N","Completed","Organic compounds","Benzenoids","Phenols","Halophenols","Chlorophenols","P-chlorophenols"
"SDXAWLJRERMRKF-UHFFFAOYSA-N","Completed","Organic compounds","Organoheterocyclic compounds","Azoles","Pyrazoles","Pyrazoles"